<?xml version="1.0" encoding="UTF-8" standalone="yes"?>
<manifest>
  <control namespace="rit" constructor="PostalcodeValidatorControl" version="0.0.25" display-name-key="PostalcodeValidatorControl" description-key="PostalcodeValidatorControl description" control-type="standard" api-version="1.3.5">
    <external-service-usage enabled="false"/>
    <property name="validatorField" display-name-key="validatorField" description-key="validatorField" of-type="SingleLine.Text" usage="bound" required="true"/>
    <property name="postalcodeNumberField" display-name-key="postalcodeNumber" description-key="postalcodeNumber to be validate" of-type="SingleLine.Text" usage="bound" required="true"/>
    <resources>
      <code path="bundle.js" order="1"/>
    </resources>
    <built-by name="pac" version="1.21.13"/>
  </control>
</manifest>